Product category,Year,Notification type,Risk,Notified by,Action taken,Distribution status,Risk decision,Country of origin,
meat and meat products (other than poultry),05/08/1999,information,,Norway,import not authorised,,undecided,Botswana,
meat and meat products (other than poultry),24/08/1999,information,,Norway,import not authorised,,undecided,Botswana,
meat and meat products (other than poultry),24/09/1999,information,,Norway,import not authorised,,undecided,Botswana,
meat and meat products (other than poultry),11/06/2001,information,,Norway,import not authorised,,undecided,Botswana,
meat and meat products (other than poultry),21/06/2001,information,,Norway,import not authorised,,undecided,Botswana,
meat and meat products (other than poultry),21/06/2001,information,,Norway,import not authorised,,undecided,Botswana,
meat and meat products (other than poultry),27/07/2001,information,,Norway,import not authorised,,undecided,Botswana,
meat and meat products (other than poultry),31/01/2002,information,,Norway,import not authorised,,undecided,Botswana,
meat and meat products (other than poultry),13/03/2002,information,,Norway,import not authorised,,undecided,Botswana,
meat and meat products (other than poultry),16/09/2002,information,,Norway,import not authorised,,undecided,Botswana,
meat and meat products (other than poultry),05/03/2003,information,,Norway,import not authorised,,undecided,Botswana,
meat and meat products (other than poultry),14/08/2003,information,border control - consignment detained,Norway,re-dispatch,,undecided,Botswana,
meat and meat products (other than poultry),19/12/2003,information,border control - consignment detained,Norway,destruction,,undecided,Botswana,
meat and meat products (other than poultry),19/01/2004,information,border control - consignment detained,Norway,destruction,,undecided,Botswana,
meat and meat products (other than poultry),13/10/2004,information,official control on the market,Norway,return to consignor,distribution restricted to notifying country,undecided,Botswana,
meat and meat products (other than poultry),14/10/2004,information,official control on the market,Norway,return to consignor,distribution restricted to notifying country,undecided,Botswana,
meat and meat products (other than poultry),18/10/2004,information,border control - consignment detained,Norway,re-dispatch,no distribution,undecided,Botswana,
meat and meat products (other than poultry),04/11/2004,information,official control on the market,Norway,re-dispatch,distribution restricted to notifying country,undecided,Botswana,
meat and meat products (other than poultry),08/11/2004,information,official control on the market,Norway,prohibition to trade - sales ban,distribution restricted to notifying country,undecided,Botswana,
meat and meat products (other than poultry),09/11/2004,alert,official control on the market,Norway,re-dispatch,distribution on the market (possible),undecided,Botswana,
meat and meat products (other than poultry),15/11/2004,information,official control on the market,Norway,destruction,distribution restricted to notifying country,undecided,Botswana,
meat and meat products (other than poultry),16/11/2004,information,official control on the market,Norway,re-dispatch,distribution restricted to notifying country,undecided,Botswana,
meat and meat products (other than poultry),16/11/2004,information,official control on the market,Norway,re-dispatch,no distribution,undecided,Botswana,
meat and meat products (other than poultry),03/12/2004,alert,official control on the market,Norway,product recall or withdrawal,distribution on the market (possible),undecided,Botswana,
meat and meat products (other than poultry),20/12/2004,information,official control on the market,Norway,prohibition to trade - sales ban,distribution restricted to notifying country,undecided,Botswana,
meat and meat products (other than poultry),12/12/2005,alert,official control on the market,Norway,product recall or withdrawal,distribution on the market (possible),undecided,Botswana,
meat and meat products (other than poultry),23/12/2005,information,official control on the market,Norway,prohibition to trade - sales ban,no distribution,undecided,Botswana,
"nuts, nut products and seeds",14/07/2005,information,border control - consignment released,Germany,return to consignor,no distribution,undecided,Burkina Faso,
"nuts, nut products and seeds",05/03/2008,alert,official control on the market,United Kingdom,recall from consumers,distribution on the market (possible),undecided,Burkina Faso,
"nuts, nut products and seeds",30/03/2012,border rejection,border control - consignment detained,Italy,re-dispatch,no distribution,undecided,Burkina Faso,
"nuts, nut products and seeds",21/03/2017,border rejection,border control - consignment detained,Greece,re-dispatch,product not (yet) placed on the market,serious,Burkina Faso,
"nuts, nut products and seeds",31/03/2017,border rejection,border control - consignment detained,Greece,re-dispatch,product not (yet) placed on the market,serious,Burkina Faso,
"nuts, nut products and seeds",30/07/2018,alert,official control on the market,Poland,informing recipient(s),distribution to other member countries,serious,Burkina Faso,
"nuts, nut products and seeds",07/11/2018,information for attention,official control on the market,Poland,,distribution restricted to notifying country,serious,Burkina Faso,
"nuts, nut products and seeds",16/11/2018,alert,official control on the market,Poland,withdrawal from the market,distribution to other member countries,serious,Burkina Faso,
"dietetic foods, food supplements, fortified foods",02/12/2019,border rejection,border control - consignment detained,Luxembourg,destruction,product not (yet) placed on the market,serious,Burkina Faso,
"nuts, nut products and seeds",14/02/2019,border rejection,border control - consignment detained,Greece,official detention,product not (yet) placed on the market,serious,Chad,
fish and fish products,10/11/1999,information,,France,import not authorised,,undecided,Cote d'Ivoire,
fish and fish products,05/07/2000,information,,France,import not authorised,,undecided,Cote d'Ivoire,
"cocoa and cocoa preparations, coffee and tea",16/01/2012,border rejection,border control - consignment detained,Greece,official detention,no distribution,undecided,Cote d'Ivoire,
fish and fish products,07/04/2010,information,border control - consignment released,Italy,reinforced checking,no distribution,undecided,Cote d'Ivoire,
fish and fish products,17/05/2010,border rejection,border control - consignment detained,Italy,re-dispatch,no distribution,undecided,Cote d'Ivoire,
"cocoa and cocoa preparations, coffee and tea",18/01/2017,alert,company's own check,Germany,detained by operator,distribution to other member countries,serious,Cote d'Ivoire,
confectionery,23/12/2003,information,border control - consignment detained,Italy,re-dispatch,,undecided,Egypt,
herbs and spices,01/06/2004,information,border control - consignment detained,Poland,seizure,,undecided,Egypt,
herbs and spices,13/07/2004,alert,official control on the market,Germany,product recall or withdrawal,,undecided,Egypt,
molluscs and products thereof - (obsolete),22/04/2005,information,border control - consignment detained,Italy,re-dispatch,no distribution,undecided,Egypt,
herbs and spices,23/06/2005,information,border control - consignment detained,Poland,re-dispatch,no distribution,undecided,Egypt,
herbs and spices,26/10/2006,information,border control - consignment detained,Italy,re-dispatch,no distribution,undecided,Egypt,
herbs and spices,20/06/2007,alert,official control on the market,Belgium,withdrawal from recipient(s),distribution on the market (possible),undecided,Egypt,
"cocoa and cocoa preparations, coffee and tea",24/10/2007,alert,company's own check,United Kingdom,withdrawal from the market,distribution on the market (possible),undecided,Egypt,
herbs and spices,22/01/2008,information,border control - consignment released,United Kingdom,physical treatment - heat treatment,distribution restricted to notifying country,undecided,Egypt,
"nuts, nut products and seeds",03/07/2009,alert,official control on the market,Germany,return to consignor,distribution on the market (possible),undecided,Egypt,
herbs and spices,29/03/2010,border rejection,border control - consignment detained,Italy,re-dispatch,no distribution,undecided,Egypt,
herbs and spices,17/06/2011,information for follow-up,official control on the market,United Kingdom,no action taken,distribution to other member countries,undecided,Egypt,
herbs and spices,31/10/2012,alert,official control on the market,Denmark,informing recipient(s),distribution to other member countries,serious,Egypt,
herbs and spices,10/11/2014,border rejection,border control - consignment under customs,Italy,informing consignor,product allowed to travel to destination under customs seals,serious,Egypt,
herbs and spices,14/11/2014,information for attention,official control on the market,Poland,withdrawal from the market,distribution restricted to notifying country,serious,Egypt,
herbs and spices,11/12/2015,alert,company's own check,United Kingdom,informing recipient(s),distribution to other member countries,serious,Egypt,
herbs and spices,22/02/2016,alert,official control on the market,Germany,recall from consumers,distribution to other member countries,serious,Egypt,
herbs and spices,14/07/2017,information for attention,company's own check,Belgium,return to consignor,distribution restricted to notifying country,serious,Egypt,
herbs and spices,28/08/2017,alert,official control on the market,Germany,recall from consumers,distribution to other member countries,serious,Egypt,
herbs and spices,01/09/2017,alert,official control on the market,Ireland,recall from consumers,distribution to other member countries,serious,Egypt,
herbs and spices,03/10/2017,information for attention,border control - consignment released,Spain,,distribution restricted to notifying country,serious,Egypt,
herbs and spices,26/10/2017,alert,official control on the market,Ireland,recall from consumers,distribution to other member countries,serious,Egypt,
herbs and spices,07/06/2018,alert,official control on the market,Spain,physical/chemical treatment,distribution to other member countries,serious,Egypt,
herbs and spices,14/08/2019,alert,official control on the market,Poland,destruction,distribution to other member countries,serious,Egypt,
herbs and spices,30/10/2019,information for attention,official control on the market,Poland,withdrawal from the market,distribution restricted to notifying country,serious,Egypt,
meat and meat products (other than poultry),21/02/2012,border rejection,border control - consignment detained,Norway,physical/chemical treatment,no distribution,undecided,Eswatini,
"nuts, nut products and seeds",17/07/2007,information,official control on the market,Greece,destruction,distribution restricted to notifying country,undecided,Ethiopia,
"nuts, nut products and seeds",04/05/2010,border rejection,border control - consignment detained,Greece,re-dispatch,no distribution,undecided,Ethiopia,
"nuts, nut products and seeds",20/03/2017,border rejection,border control - consignment detained,Greece,re-dispatch,product not (yet) placed on the market,serious,Ethiopia,
"nuts, nut products and seeds",21/04/2017,border rejection,border control - consignment detained,Greece,re-dispatch,product not (yet) placed on the market,serious,Ethiopia,
"nuts, nut products and seeds",15/11/2017,border rejection,border control - consignment detained,Greece,re-dispatch,product not (yet) placed on the market,serious,Ethiopia,
"nuts, nut products and seeds",23/02/2018,border rejection,border control - consignment detained,Greece,re-dispatch,product not (yet) placed on the market,serious,Ethiopia,
"nuts, nut products and seeds",09/03/2018,border rejection,border control - consignment detained,Greece,official detention,product not (yet) placed on the market,serious,Ethiopia,
"nuts, nut products and seeds",03/04/2018,border rejection,border control - consignment detained,Greece,official detention,product not (yet) placed on the market,serious,Ethiopia,
"nuts, nut products and seeds",24/04/2018,border rejection,border control - consignment detained,Greece,re-dispatch,product not (yet) placed on the market,serious,Ethiopia,
"nuts, nut products and seeds",07/06/2018,border rejection,border control - consignment detained,Greece,import not authorised,product not (yet) placed on the market,serious,Ethiopia,
"nuts, nut products and seeds",13/06/2018,border rejection,border control - consignment detained,Greece,official detention,product not (yet) placed on the market,serious,Ethiopia,
"nuts, nut products and seeds",14/02/2019,border rejection,border control - consignment detained,Greece,,product not (yet) placed on the market,serious,Ethiopia,
"nuts, nut products and seeds",11/04/2019,border rejection,border control - consignment detained,Greece,re-dispatch,product not (yet) placed on the market,serious,Ethiopia,
"nuts, nut products and seeds",15/04/2019,border rejection,border control - consignment detained,Greece,re-dispatch,product not (yet) placed on the market,serious,Ethiopia,
"nuts, nut products and seeds",19/04/2019,border rejection,border control - consignment detained,Greece,import not authorised,product not (yet) placed on the market,serious,Ethiopia,
"nuts, nut products and seeds",02/05/2019,border rejection,border control - consignment detained,Greece,re-dispatch,product not (yet) placed on the market,serious,Ethiopia,
"nuts, nut products and seeds",20/05/2019,border rejection,border control - consignment detained,Greece,re-dispatch,product not (yet) placed on the market,serious,Ethiopia,
"nuts, nut products and seeds",20/05/2019,border rejection,border control - consignment detained,Greece,import not authorised,product not (yet) placed on the market,serious,Ethiopia,
"nuts, nut products and seeds",20/05/2019,border rejection,border control - consignment detained,Greece,re-dispatch,product not (yet) placed on the market,serious,Ethiopia,
"nuts, nut products and seeds",24/05/2019,border rejection,border control - consignment detained,Greece,physical/chemical treatment,product not (yet) placed on the market,serious,Ethiopia,
"nuts, nut products and seeds",13/06/2019,border rejection,border control - consignment detained,Greece,official detention,product not (yet) placed on the market,serious,Ethiopia,
"nuts, nut products and seeds",10/07/2019,border rejection,border control - consignment detained,Greece,physical/chemical treatment,product not (yet) placed on the market,serious,Ethiopia,
"nuts, nut products and seeds",11/07/2019,border rejection,border control - consignment detained,Greece,re-dispatch,product not (yet) placed on the market,serious,Ethiopia,
"nuts, nut products and seeds",31/07/2019,border rejection,border control - consignment detained,Greece,re-dispatch,product not (yet) placed on the market,serious,Ethiopia,
"nuts, nut products and seeds",30/09/2019,border rejection,border control - consignment detained,Greece,import not authorised,product not (yet) placed on the market,serious,Ethiopia,
"nuts, nut products and seeds",11/12/2019,border rejection,border control - consignment detained,Netherlands,re-dispatch,product not (yet) placed on the market,serious,Ethiopia,
molluscs and products thereof - (obsolete),10/06/2005,information,border control - consignment detained,United Kingdom,destruction,no distribution,undecided,Ghana,
cereals and bakery products,11/07/2005,information,border control - consignment detained,Italy,re-dispatch,no distribution,undecided,Ghana,
"dietetic foods, food supplements, fortified foods",11/01/2017,information for attention,official control on the market,United Kingdom,withdrawal from recipient(s),distribution restricted to notifying country,serious,Ghana,
fish and fish products,22/01/1999,information,,France,,,undecided,Guinea,
fish and fish products,13/10/1999,information,,France,import not authorised,,undecided,Guinea,
fish and fish products,07/04/2000,information,,France,import not authorised,,undecided,Guinea,
fish and fish products,01/02/1999,information,,Germany,seizure,,undecided,Kenya,
fish and fish products,01/02/1999,information,,Germany,seizure,,undecided,Kenya,
fish and fish products,26/03/2003,information,border control - consignment detained,Italy,import not authorised,,undecided,Kenya,
fish and fish products,21/08/2003,information,border control - consignment detained,Italy,destruction,,undecided,Kenya,
fish and fish products,28/12/2006,information,border control - consignment released,Germany,reinforced checking,product already consumed,undecided,Kenya,
fish and fish products,19/01/2007,alert,border control - consignment released,Germany,,distribution on the market (possible),undecided,Kenya,
fish and fish products,22/09/2008,information,border control - consignment released,Italy,reinforced checking,distribution on the market (possible),undecided,Kenya,
fish and fish products,29/09/2008,border rejection,border control - consignment detained,Italy,destruction,no distribution,undecided,Kenya,
fish and fish products,20/11/2008,information,border control - consignment released,Germany,destination of the product identified,distribution on the market (possible),undecided,Kenya,
fish and fish products,11/06/2010,information,border control - consignment released,Poland,informing authorities,distribution on the market (possible),undecided,Kenya,
fish and fish products,13/07/2010,information,border control - consignment released,Italy,withdrawal from the market,distribution restricted to notifying country,undecided,Kenya,
fish and fish products,09/09/2010,border rejection,border control - consignment detained,Italy,re-dispatch or destruction,no distribution,undecided,Kenya,
fish and fish products,24/06/2011,information for attention,border control - consignment released,Germany,informing recipient(s),product already consumed,undecided,Kenya,
cephalopods and products thereof,26/09/2011,border rejection,border control - consignment detained,Italy,re-dispatch or destruction,no distribution,undecided,Madagascar,
herbs and spices,15/09/2017,border rejection,border control - consignment detained,Finland,official detention,product not (yet) placed on the market,serious,Madagascar,
"nuts, nut products and seeds",03/06/2016,alert,official control on the market,Netherlands,withdrawal from recipient(s),distribution to other member countries,serious,Mali,
herbs and spices,27/08/2009,information,official control on the market,United Kingdom,physical treatment - heat treatment,distribution restricted to notifying country,undecided,Mauritius,
molluscs and products thereof - (obsolete),23/01/2003,information,border control - consignment detained,Spain,import not authorised,,undecided,Morocco,
molluscs and products thereof - (obsolete),01/07/2005,information,border control - consignment detained,Greece,re-dispatch,no distribution,undecided,Morocco,
herbs and spices,06/11/2006,alert,official control on the market,Luxembourg,informing recipient(s),distribution on the market (possible),undecided,Morocco,
cephalopods and products thereof,10/08/2009,information,border control - consignment released,Italy,withdrawal from the market,distribution restricted to notifying country,undecided,Morocco,
herbs and spices,21/01/2013,information for attention,official control on the market,United Kingdom,recall from consumers,distribution restricted to notifying country,serious,Morocco,
gastropods,11/07/2018,information for attention,official control on the market,Spain,,information on distribution not (yet) available,not serious,Morocco,
crustaceans and products thereof,22/01/1999,information,,France,,,undecided,Mozambique,
meat and meat products (other than poultry),16/10/2000,information,,Norway,import not authorised,,undecided,Namibia,
meat and meat products (other than poultry),16/05/2002,information,,Norway,import not authorised,,undecided,Namibia,
meat and meat products (other than poultry),05/06/2002,information,,Norway,import not authorised,,undecided,Namibia,
meat and meat products (other than poultry),05/06/2002,information,,Norway,import not authorised,,undecided,Namibia,
meat and meat products (other than poultry),05/06/2002,information,,Norway,import not authorised,,undecided,Namibia,
prepared dishes and snacks,11/06/2002,information,,Norway,import not authorised,,undecided,Namibia,
meat and meat products (other than poultry),09/08/2002,information,,Norway,prohibition to trade - sales ban,,undecided,Namibia,
meat and meat products (other than poultry),09/08/2002,information,,Norway,prohibition to trade - sales ban,,undecided,Namibia,
meat and meat products (other than poultry),09/08/2002,information,,Norway,prohibition to trade - sales ban,,undecided,Namibia,
meat and meat products (other than poultry),19/08/2002,information,,Norway,,,undecided,Namibia,
meat and meat products (other than poultry),27/05/2003,information,border control - consignment detained,Norway,re-dispatch,,undecided,Namibia,
meat and meat products (other than poultry),03/10/2003,information,border control - consignment detained,Norway,re-dispatch,,undecided,Namibia,
meat and meat products (other than poultry),21/11/2003,information,border control - consignment detained,Norway,destruction,,undecided,Namibia,
meat and meat products (other than poultry),15/03/2004,information,official control on the market,Norway,destruction,,undecided,Namibia,
meat and meat products (other than poultry),15/06/2004,information,border control - consignment detained,Norway,re-dispatch,,undecided,Namibia,
meat and meat products (other than poultry),05/07/2004,alert,official control on the market,Norway,prohibition to trade - sales ban,,undecided,Namibia,
meat and meat products (other than poultry),14/09/2004,information,official control on the market,Norway,prohibition to trade - sales ban,distribution restricted to notifying country,undecided,Namibia,
meat and meat products (other than poultry),15/10/2004,information,official control on the market,Norway,return to consignor,distribution restricted to notifying country,undecided,Namibia,
meat and meat products (other than poultry),26/05/2005,alert,official control on the market,Norway,product recall or withdrawal,distribution on the market (possible),undecided,Namibia,
meat and meat products (other than poultry),15/06/2005,information,border control - consignment detained,Norway,re-dispatch,no distribution,undecided,Namibia,
meat and meat products (other than poultry),21/06/2005,information,border control - consignment detained,Norway,re-dispatch,no distribution,undecided,Namibia,
meat and meat products (other than poultry),21/06/2005,information,border control - consignment detained,Norway,re-dispatch,no distribution,undecided,Namibia,
meat and meat products (other than poultry),21/06/2005,information,border control - consignment detained,Norway,re-dispatch,no distribution,undecided,Namibia,
meat and meat products (other than poultry),31/08/2005,alert,official control on the market,Norway,return to consignor,distribution on the market (possible),undecided,Namibia,
meat and meat products (other than poultry),30/01/2009,border rejection,border control - consignment detained,Norway,re-dispatch,no distribution,undecided,Namibia,
meat and meat products (other than poultry),03/02/2009,border rejection,border control - consignment detained,Norway,re-dispatch,no distribution,undecided,Namibia,
meat and meat products (other than poultry),20/04/2009,border rejection,border control - consignment detained,Norway,re-dispatch,no distribution,undecided,Namibia,
herbs and spices,30/10/2007,information,official control on the market,Poland,withdrawal from the market,distribution restricted to notifying country,undecided,Nigeria,
gastropods,26/12/2008,information,border control - consignment released,Germany,destruction,distribution restricted to notifying country,undecided,Nigeria,
herbs and spices,16/04/2012,border rejection,border control - consignment detained,Finland,destruction,no distribution,undecided,Nigeria,
herbs and spices,24/04/2012,alert,official control on the market,Germany,withdrawal from the market,distribution to other member countries,undecided,Nigeria,
"nuts, nut products and seeds",29/01/2015,border rejection,border control - consignment under customs,Italy,re-dispatch,product allowed to travel to destination under customs seals,serious,Nigeria,
"nuts, nut products and seeds",27/05/2015,border rejection,border control - consignment detained,Greece,re-dispatch,product not (yet) placed on the market,serious,Nigeria,
herbs and spices,02/06/2015,alert,official control on the market,Netherlands,withdrawal from the market,distribution restricted to notifying country,serious,Nigeria,
fruits and vegetables,06/08/2015,alert,official control on the market,Germany,withdrawal from the market,information on distribution not (yet) available,serious,Nigeria,
fruits and vegetables,23/10/2015,alert,official control on the market,Germany,no action taken,distribution restricted to notifying country,serious,Nigeria,
herbs and spices,29/08/2016,alert,company's own check,Netherlands,withdrawal from the market,no distribution from notifying country,serious,Nigeria,
"nuts, nut products and seeds",22/02/2017,alert,company's own check,Germany,return to consignor,distribution restricted to notifying country,serious,Nigeria,
"nuts, nut products and seeds",24/03/2017,border rejection,border control - consignment detained,Greece,re-dispatch,product not (yet) placed on the market,serious,Nigeria,
"nuts, nut products and seeds",28/03/2017,border rejection,border control - consignment detained,Greece,re-dispatch,product not (yet) placed on the market,serious,Nigeria,
"nuts, nut products and seeds",07/04/2017,border rejection,border control - consignment detained,Greece,re-dispatch,product not (yet) placed on the market,serious,Nigeria,
"nuts, nut products and seeds",07/04/2017,border rejection,border control - consignment detained,Greece,re-dispatch,product not (yet) placed on the market,serious,Nigeria,
"nuts, nut products and seeds",07/04/2017,border rejection,border control - consignment detained,Greece,re-dispatch,product not (yet) placed on the market,serious,Nigeria,
"nuts, nut products and seeds",27/06/2017,border rejection,border control - consignment detained,Greece,re-dispatch,product not (yet) placed on the market,serious,Nigeria,
"nuts, nut products and seeds",09/08/2017,border rejection,border control - consignment detained,Greece,re-dispatch,product not (yet) placed on the market,serious,Nigeria,
"nuts, nut products and seeds",18/09/2017,border rejection,border control - consignment detained,Greece,re-dispatch,product not (yet) placed on the market,serious,Nigeria,
"nuts, nut products and seeds",06/11/2017,border rejection,border control - consignment detained,Greece,import not authorised,product not (yet) placed on the market,serious,Nigeria,
"nuts, nut products and seeds",15/11/2017,border rejection,border control - consignment detained,Greece,re-dispatch,product not (yet) placed on the market,serious,Nigeria,
"nuts, nut products and seeds",22/12/2017,border rejection,border control - consignment detained,Greece,import not authorised,product not (yet) placed on the market,serious,Nigeria,
"nuts, nut products and seeds",03/01/2018,border rejection,border control - consignment detained,Netherlands,informing consignor,product not (yet) placed on the market,serious,Nigeria,
"nuts, nut products and seeds",16/03/2018,border rejection,border control - consignment detained,Netherlands,informing consignor,product not (yet) placed on the market,serious,Nigeria,
"nuts, nut products and seeds",19/03/2018,border rejection,border control - consignment detained,Germany,re-dispatch,product not (yet) placed on the market,serious,Nigeria,
"nuts, nut products and seeds",20/03/2018,border rejection,border control - consignment detained,Germany,re-dispatch,product not (yet) placed on the market,serious,Nigeria,
"nuts, nut products and seeds",20/03/2018,border rejection,border control - consignment detained,Germany,re-dispatch,product not (yet) placed on the market,serious,Nigeria,
"nuts, nut products and seeds",21/03/2018,border rejection,border control - consignment detained,Greece,import not authorised,product not (yet) placed on the market,serious,Nigeria,
"nuts, nut products and seeds",04/05/2018,border rejection,border control - consignment detained,Greece,import not authorised,product not (yet) placed on the market,serious,Nigeria,
"nuts, nut products and seeds",17/05/2018,border rejection,border control - consignment detained,Poland,official detention,product not (yet) placed on the market,serious,Nigeria,
"nuts, nut products and seeds",18/05/2018,border rejection,border control - consignment detained,Cyprus,re-dispatch,product not (yet) placed on the market,serious,Nigeria,
"nuts, nut products and seeds",24/05/2018,border rejection,border control - consignment detained,Greece,import not authorised,product not (yet) placed on the market,serious,Nigeria,
"nuts, nut products and seeds",29/05/2018,border rejection,border control - consignment detained,Netherlands,informing consignor,product not (yet) placed on the market,serious,Nigeria,
"nuts, nut products and seeds",30/05/2018,border rejection,border control - consignment detained,Netherlands,informing consignor,product not (yet) placed on the market,serious,Nigeria,
"nuts, nut products and seeds",31/05/2018,border rejection,border control - consignment detained,Netherlands,official detention,product not (yet) placed on the market,serious,Nigeria,
"nuts, nut products and seeds",13/06/2018,border rejection,border control - consignment detained,Poland,re-dispatch,product not (yet) placed on the market,serious,Nigeria,
"nuts, nut products and seeds",13/06/2018,border rejection,border control - consignment detained,Greece,import not authorised,product not (yet) placed on the market,serious,Nigeria,
"nuts, nut products and seeds",20/06/2018,border rejection,border control - consignment detained,Poland,official detention,product not (yet) placed on the market,serious,Nigeria,
"nuts, nut products and seeds",20/06/2018,border rejection,border control - consignment detained,Poland,re-dispatch,product not (yet) placed on the market,serious,Nigeria,
"nuts, nut products and seeds",26/06/2018,border rejection,border control - consignment detained,Greece,re-dispatch,product not (yet) placed on the market,serious,Nigeria,
"nuts, nut products and seeds",05/07/2018,border rejection,border control - consignment detained,Poland,re-dispatch,product not (yet) placed on the market,serious,Nigeria,
"nuts, nut products and seeds",12/07/2018,border rejection,border control - consignment detained,Poland,re-dispatch,product not (yet) placed on the market,serious,Nigeria,
"nuts, nut products and seeds",12/07/2018,border rejection,border control - consignment detained,Netherlands,official detention,product not (yet) placed on the market,serious,Nigeria,
"nuts, nut products and seeds",13/07/2018,border rejection,border control - consignment detained,Netherlands,official detention,product not (yet) placed on the market,serious,Nigeria,
"nuts, nut products and seeds",16/07/2018,border rejection,border control - consignment detained,Netherlands,official detention,product not (yet) placed on the market,serious,Nigeria,
"nuts, nut products and seeds",16/07/2018,border rejection,border control - consignment detained,Netherlands,official detention,product not (yet) placed on the market,serious,Nigeria,
"nuts, nut products and seeds",17/07/2018,border rejection,border control - consignment detained,Germany,re-dispatch,product not (yet) placed on the market,serious,Nigeria,
"nuts, nut products and seeds",06/08/2018,border rejection,border control - consignment detained,Netherlands,official detention,product not (yet) placed on the market,serious,Nigeria,
"nuts, nut products and seeds",20/08/2018,information for attention,border control - consignment released,Poland,re-dispatch,distribution restricted to notifying country,serious,Nigeria,
"nuts, nut products and seeds",21/08/2018,border rejection,border control - consignment detained,Poland,re-dispatch,product not (yet) placed on the market,serious,Nigeria,
"nuts, nut products and seeds",12/09/2018,border rejection,border control - consignment detained,Poland,re-dispatch,product not (yet) placed on the market,serious,Nigeria,
"nuts, nut products and seeds",13/09/2018,border rejection,border control - consignment detained,Poland,re-dispatch,product not (yet) placed on the market,serious,Nigeria,
"nuts, nut products and seeds",14/09/2018,border rejection,border control - consignment detained,Poland,re-dispatch,product not (yet) placed on the market,undecided,Nigeria,
"nuts, nut products and seeds",27/09/2018,border rejection,border control - consignment detained,Germany,re-dispatch,product not (yet) placed on the market,serious,Nigeria,
"nuts, nut products and seeds",09/10/2018,border rejection,border control - consignment detained,Netherlands,official detention,product not (yet) placed on the market,serious,Nigeria,
"nuts, nut products and seeds",05/12/2018,border rejection,border control - consignment detained,Netherlands,official detention,product not (yet) placed on the market,serious,Nigeria,
"nuts, nut products and seeds",19/12/2018,border rejection,border control - consignment detained,Poland,re-dispatch,product not (yet) placed on the market,serious,Nigeria,
"nuts, nut products and seeds",21/12/2018,border rejection,border control - consignment detained,Poland,re-dispatch,product not (yet) placed on the market,serious,Nigeria,
"nuts, nut products and seeds",21/12/2018,border rejection,border control - consignment detained,Poland,re-dispatch,product not (yet) placed on the market,serious,Nigeria,
"nuts, nut products and seeds",27/12/2018,border rejection,border control - consignment detained,Germany,re-dispatch,product not (yet) placed on the market,serious,Nigeria,
"nuts, nut products and seeds",28/12/2018,border rejection,border control - consignment detained,Germany,re-dispatch,product not (yet) placed on the market,serious,Nigeria,
"nuts, nut products and seeds",28/12/2018,border rejection,border control - consignment detained,Germany,re-dispatch,product not (yet) placed on the market,serious,Nigeria,
"nuts, nut products and seeds",04/01/2019,border rejection,border control - consignment detained,Poland,re-dispatch,product not (yet) placed on the market,serious,Nigeria,
"nuts, nut products and seeds",23/01/2019,border rejection,border control - consignment detained,Poland,re-dispatch,product not (yet) placed on the market,serious,Nigeria,
"nuts, nut products and seeds",01/02/2019,border rejection,border control - consignment detained,Poland,re-dispatch,product not (yet) placed on the market,serious,Nigeria,
"nuts, nut products and seeds",20/02/2019,border rejection,border control - consignment detained,Germany,re-dispatch,product not (yet) placed on the market,serious,Nigeria,
"nuts, nut products and seeds",20/02/2019,border rejection,border control - consignment under customs,Italy,re-dispatch,product allowed to travel to destination under customs seals,serious,Nigeria,
"nuts, nut products and seeds",27/02/2019,border rejection,border control - consignment detained,Poland,re-dispatch,product not (yet) placed on the market,serious,Nigeria,
"nuts, nut products and seeds",22/03/2019,border rejection,border control - consignment detained,Netherlands,official detention,product not (yet) placed on the market,serious,Nigeria,
"nuts, nut products and seeds",26/03/2019,border rejection,border control - consignment detained,Netherlands,official detention,product not (yet) placed on the market,serious,Nigeria,
"nuts, nut products and seeds",26/03/2019,border rejection,border control - consignment detained,Netherlands,official detention,product not (yet) placed on the market,serious,Nigeria,
"nuts, nut products and seeds",01/04/2019,border rejection,border control - consignment detained,Poland,re-dispatch,product not (yet) placed on the market,serious,Nigeria,
"nuts, nut products and seeds",09/04/2019,border rejection,border control - consignment detained,Poland,re-dispatch,product not (yet) placed on the market,serious,Nigeria,
"nuts, nut products and seeds",09/04/2019,border rejection,border control - consignment detained,Greece,physical/chemical treatment,product not (yet) placed on the market,serious,Nigeria,
"nuts, nut products and seeds",10/04/2019,border rejection,border control - consignment detained,Greece,re-dispatch,product not (yet) placed on the market,serious,Nigeria,
"nuts, nut products and seeds",12/04/2019,border rejection,border control - consignment detained,Greece,physical/chemical treatment,product not (yet) placed on the market,serious,Nigeria,
"nuts, nut products and seeds",07/05/2019,border rejection,border control - consignment detained,Greece,physical/chemical treatment,product not (yet) placed on the market,serious,Nigeria,
"nuts, nut products and seeds",07/05/2019,border rejection,border control - consignment detained,Greece,physical/chemical treatment,product not (yet) placed on the market,serious,Nigeria,
"nuts, nut products and seeds",08/05/2019,border rejection,border control - consignment detained,Greece,physical/chemical treatment,product not (yet) placed on the market,serious,Nigeria,
"nuts, nut products and seeds",21/05/2019,border rejection,border control - consignment detained,Netherlands,physical/chemical treatment,product not (yet) placed on the market,serious,Nigeria,
"nuts, nut products and seeds",22/05/2019,border rejection,border control - consignment detained,Netherlands,official detention,product not (yet) placed on the market,serious,Nigeria,
"nuts, nut products and seeds",23/05/2019,information for attention,company's own check,Germany,withdrawal from the market,distribution restricted to notifying country,serious,Nigeria,
"nuts, nut products and seeds",24/05/2019,border rejection,border control - consignment detained,Greece,physical/chemical treatment,product not (yet) placed on the market,serious,Nigeria,
"nuts, nut products and seeds",28/05/2019,border rejection,border control - consignment detained,Greece,physical/chemical treatment,product not (yet) placed on the market,serious,Nigeria,
"nuts, nut products and seeds",29/05/2019,border rejection,border control - consignment detained,Poland,re-dispatch,product not (yet) placed on the market,serious,Nigeria,
"nuts, nut products and seeds",03/06/2019,border rejection,border control - consignment detained,Poland,re-dispatch,product not (yet) placed on the market,serious,Nigeria,
"nuts, nut products and seeds",21/06/2019,border rejection,border control - consignment detained,Netherlands,official detention,product not (yet) placed on the market,serious,Nigeria,
"nuts, nut products and seeds",03/07/2019,border rejection,border control - consignment detained,Poland,re-dispatch,product not (yet) placed on the market,serious,Nigeria,
"nuts, nut products and seeds",05/07/2019,border rejection,border control - consignment detained,Netherlands,official detention,product not (yet) placed on the market,serious,Nigeria,
"nuts, nut products and seeds",26/07/2019,border rejection,border control - consignment detained,Netherlands,physical/chemical treatment,product not (yet) placed on the market,serious,Nigeria,
"nuts, nut products and seeds",05/08/2019,border rejection,border control - consignment detained,Germany,re-dispatch,product not (yet) placed on the market,serious,Nigeria,
"nuts, nut products and seeds",28/08/2019,border rejection,border control - consignment detained,Poland,re-dispatch,product not (yet) placed on the market,serious,Nigeria,
herbs and spices,30/08/2019,information for attention,official control on the market,Italy,recall from consumers,distribution restricted to notifying country,serious,Nigeria,
wild caught fish and products thereof (other than crustaceans and molluscs) - (obsolete),04/05/1999,information,,Spain,import not authorised,,undecided,Senegal,
molluscs and products thereof - (obsolete),22/10/1999,information,,Italy,import not authorised,,undecided,Senegal,
fish and fish products,02/09/1999,information,,France,import not authorised,,undecided,Senegal,
crustaceans and products thereof,29/08/2000,alert,,Belgium,,,undecided,Senegal,
fish and fish products,27/09/1999,information,,France,import not authorised,,undecided,Senegal,
molluscs and products thereof - (obsolete),24/10/2000,information,,France,product recall or withdrawal,,undecided,Senegal,
molluscs and products thereof - (obsolete),09/03/2001,information,,Greece,import not authorised,,undecided,Senegal,
fish and fish products,13/10/1999,information,,France,import not authorised,,undecided,Senegal,
fish and fish products,16/02/2000,information,,France,import not authorised,,undecided,Senegal,
fish and fish products,21/09/2000,information,,France,destruction,,undecided,Senegal,
fish and fish products,24/10/2003,information,border control - consignment released,France,product recall or withdrawal,,undecided,Senegal,
fish and fish products,27/10/2003,alert,border control - consignment released,France,product recall or withdrawal,,undecided,Senegal,
fish and fish products,21/11/2005,information,border control - consignment released,Italy,reinforced checking,product already consumed,undecided,Senegal,
fish and fish products,24/09/2008,information,border control - consignment released,Germany,destination of the product identified,distribution on the market (possible),undecided,Senegal,
molluscs and products thereof - (obsolete),06/11/2003,information,border control - consignment detained,Italy,re-dispatch,,undecided,Senegal,
fish and fish products,14/09/2009,information,border control - consignment released,Germany,informing recipient(s),product already consumed,undecided,Senegal,
fish and fish products,12/10/2009,border rejection,border control - consignment detained,Germany,re-dispatch or destruction,no distribution,undecided,Senegal,
fish and fish products,06/11/2009,border rejection,border control - consignment detained,Spain,destruction,no distribution,undecided,Senegal,
"nuts, nut products and seeds",15/03/2007,information,border control - consignment detained,Italy,re-dispatch,no distribution,undecided,Senegal,
"nuts, nut products and seeds",13/06/2014,border rejection,border control - consignment detained,Italy,import not authorised,product not (yet) placed on the market,serious,Senegal,
"soups, broths, sauces and condiments",23/06/2016,alert,company's own check,United Kingdom,public warning - press release,distribution to other member countries,serious,South Africa,
poultry meat and poultry meat products,06/09/2016,information for follow-up,border control - consignment released,Germany,informing authorities,distribution to other member countries,not serious,South Africa,
cereals and bakery products,31/08/2018,alert,company's own check,Netherlands,informing recipient(s),distribution to other member countries,serious,South Africa,
"nuts, nut products and seeds",14/03/2013,information for attention,border control - consignment released,Cyprus,physical/chemical treatment,distribution restricted to notifying country,serious,Sudan,
"nuts, nut products and seeds",25/01/2017,border rejection,border control - consignment detained,Greece,re-dispatch,product not (yet) placed on the market,serious,Sudan,
"nuts, nut products and seeds",28/02/2017,border rejection,border control - consignment detained,Greece,re-dispatch,product not (yet) placed on the market,serious,Sudan,
"nuts, nut products and seeds",03/03/2017,border rejection,border control - consignment detained,Greece,re-dispatch,product not (yet) placed on the market,serious,Sudan,
"nuts, nut products and seeds",17/03/2017,border rejection,border control - consignment detained,Greece,re-dispatch,product not (yet) placed on the market,serious,Sudan,
"nuts, nut products and seeds",17/03/2017,border rejection,border control - consignment detained,Greece,re-dispatch,product not (yet) placed on the market,serious,Sudan,
"nuts, nut products and seeds",31/03/2017,alert,food poisoning,Germany,recall from consumers,distribution to other member countries,serious,Sudan,
"nuts, nut products and seeds",05/04/2017,border rejection,border control - consignment detained,Greece,re-dispatch,product not (yet) placed on the market,serious,Sudan,
"nuts, nut products and seeds",06/04/2017,border rejection,border control - consignment detained,Greece,re-dispatch,product not (yet) placed on the market,serious,Sudan,
"nuts, nut products and seeds",28/04/2017,border rejection,border control - consignment detained,Greece,re-dispatch,product not (yet) placed on the market,serious,Sudan,
"nuts, nut products and seeds",19/05/2017,border rejection,border control - consignment detained,Greece,re-dispatch,product not (yet) placed on the market,serious,Sudan,
"nuts, nut products and seeds",15/06/2017,border rejection,border control - consignment detained,Greece,re-dispatch,product not (yet) placed on the market,serious,Sudan,
"nuts, nut products and seeds",26/07/2017,border rejection,border control - consignment detained,Greece,import not authorised,product not (yet) placed on the market,serious,Sudan,
"nuts, nut products and seeds",11/08/2017,border rejection,border control - consignment detained,Greece,re-dispatch,product not (yet) placed on the market,serious,Sudan,
"nuts, nut products and seeds",08/09/2017,border rejection,border control - consignment detained,Greece,re-dispatch,product not (yet) placed on the market,serious,Sudan,
"nuts, nut products and seeds",03/11/2017,border rejection,border control - consignment detained,Greece,import not authorised,product not (yet) placed on the market,serious,Sudan,
"nuts, nut products and seeds",27/11/2017,border rejection,border control - consignment detained,Greece,import not authorised,product not (yet) placed on the market,serious,Sudan,
"nuts, nut products and seeds",14/12/2017,border rejection,border control - consignment detained,Greece,import not authorised,product not (yet) placed on the market,serious,Sudan,
"nuts, nut products and seeds",17/01/2018,border rejection,border control - consignment detained,Greece,import not authorised,product not (yet) placed on the market,serious,Sudan,
"nuts, nut products and seeds",19/01/2018,border rejection,border control - consignment detained,Greece,import not authorised,product not (yet) placed on the market,serious,Sudan,
"nuts, nut products and seeds",25/01/2018,border rejection,border control - consignment detained,Greece,import not authorised,product not (yet) placed on the market,serious,Sudan,
"nuts, nut products and seeds",01/02/2018,border rejection,border control - consignment detained,Greece,import not authorised,product not (yet) placed on the market,serious,Sudan,
"nuts, nut products and seeds",02/02/2018,border rejection,border control - consignment detained,Greece,import not authorised,product not (yet) placed on the market,serious,Sudan,
"nuts, nut products and seeds",08/02/2018,border rejection,border control - consignment detained,Greece,import not authorised,product not (yet) placed on the market,serious,Sudan,
"nuts, nut products and seeds",09/02/2018,border rejection,border control - consignment detained,Greece,import not authorised,product not (yet) placed on the market,serious,Sudan,
"nuts, nut products and seeds",15/02/2018,border rejection,border control - consignment detained,Poland,re-dispatch,product not (yet) placed on the market,serious,Sudan,
"nuts, nut products and seeds",02/03/2018,border rejection,border control - consignment detained,Greece,import not authorised,product not (yet) placed on the market,serious,Sudan,
"nuts, nut products and seeds",02/03/2018,border rejection,border control - consignment detained,Greece,import not authorised,product not (yet) placed on the market,serious,Sudan,
"nuts, nut products and seeds",09/03/2018,border rejection,border control - consignment detained,Greece,import not authorised,product not (yet) placed on the market,serious,Sudan,
"nuts, nut products and seeds",20/03/2018,border rejection,border control - consignment detained,Greece,import not authorised,product not (yet) placed on the market,serious,Sudan,
"nuts, nut products and seeds",30/03/2018,border rejection,border control - consignment detained,Greece,import not authorised,product not (yet) placed on the market,serious,Sudan,
"nuts, nut products and seeds",02/04/2018,border rejection,border control - consignment detained,Greece,import not authorised,product not (yet) placed on the market,serious,Sudan,
"nuts, nut products and seeds",03/04/2018,border rejection,border control - consignment detained,Greece,official detention,product not (yet) placed on the market,serious,Sudan,
"nuts, nut products and seeds",11/04/2018,border rejection,border control - consignment detained,Germany,re-dispatch,product not (yet) placed on the market,serious,Sudan,
"nuts, nut products and seeds",12/04/2018,border rejection,border control - consignment detained,Poland,re-dispatch,product not (yet) placed on the market,serious,Sudan,
"nuts, nut products and seeds",12/04/2018,border rejection,border control - consignment detained,Poland,re-dispatch,product not (yet) placed on the market,serious,Sudan,
"nuts, nut products and seeds",13/04/2018,border rejection,border control - consignment detained,Greece,import not authorised,product not (yet) placed on the market,serious,Sudan,
"nuts, nut products and seeds",16/04/2018,border rejection,border control - consignment detained,Poland,re-dispatch,product not (yet) placed on the market,serious,Sudan,
"nuts, nut products and seeds",09/05/2018,border rejection,border control - consignment detained,Greece,,product not (yet) placed on the market,serious,Sudan,
"nuts, nut products and seeds",11/05/2018,border rejection,border control - consignment detained,Poland,re-dispatch,product not (yet) placed on the market,serious,Sudan,
"nuts, nut products and seeds",11/05/2018,border rejection,border control - consignment detained,Poland,return to consignor,product not (yet) placed on the market,serious,Sudan,
"nuts, nut products and seeds",18/05/2018,border rejection,border control - consignment detained,Greece,import not authorised,product not (yet) placed on the market,serious,Sudan,
"nuts, nut products and seeds",22/05/2018,border rejection,border control - consignment detained,Greece,,product not (yet) placed on the market,serious,Sudan,
"nuts, nut products and seeds",23/05/2018,border rejection,border control - consignment detained,Greece,,product not (yet) placed on the market,serious,Sudan,
"nuts, nut products and seeds",23/05/2018,border rejection,border control - consignment detained,Greece,import not authorised,product not (yet) placed on the market,serious,Sudan,
"nuts, nut products and seeds",23/05/2018,border rejection,border control - consignment detained,Greece,,product not (yet) placed on the market,serious,Sudan,
"nuts, nut products and seeds",25/05/2018,border rejection,border control - consignment detained,Greece,import not authorised,product not (yet) placed on the market,serious,Sudan,
"nuts, nut products and seeds",08/06/2018,border rejection,border control - consignment detained,Greece,official detention,product not (yet) placed on the market,serious,Sudan,
"nuts, nut products and seeds",13/06/2018,border rejection,border control - consignment detained,Greece,official detention,product not (yet) placed on the market,serious,Sudan,
"nuts, nut products and seeds",13/06/2018,border rejection,border control - consignment detained,Greece,import not authorised,product not (yet) placed on the market,serious,Sudan,
"nuts, nut products and seeds",13/06/2018,border rejection,border control - consignment detained,Greece,import not authorised,product not (yet) placed on the market,serious,Sudan,
"nuts, nut products and seeds",29/06/2018,border rejection,border control - consignment detained,Greece,,product not (yet) placed on the market,serious,Sudan,
"nuts, nut products and seeds",29/06/2018,border rejection,border control - consignment detained,Greece,,product not (yet) placed on the market,serious,Sudan,
"nuts, nut products and seeds",03/07/2018,border rejection,border control - consignment detained,Greece,import not authorised,product not (yet) placed on the market,serious,Sudan,
"nuts, nut products and seeds",04/07/2018,border rejection,border control - consignment detained,Greece,import not authorised,product not (yet) placed on the market,serious,Sudan,
"nuts, nut products and seeds",10/07/2018,border rejection,border control - consignment detained,Greece,import not authorised,product not (yet) placed on the market,serious,Sudan,
"nuts, nut products and seeds",11/07/2018,border rejection,border control - consignment detained,Greece,official detention,product not (yet) placed on the market,serious,Sudan,
"nuts, nut products and seeds",18/07/2018,border rejection,border control - consignment detained,Greece,physical/chemical treatment,product not (yet) placed on the market,serious,Sudan,
"nuts, nut products and seeds",18/07/2018,border rejection,border control - consignment detained,Greece,import not authorised,product not (yet) placed on the market,serious,Sudan,
"nuts, nut products and seeds",20/07/2018,border rejection,border control - consignment detained,Greece,,product not (yet) placed on the market,serious,Sudan,
"nuts, nut products and seeds",27/07/2018,border rejection,border control - consignment detained,France,return to consignor,product not (yet) placed on the market,serious,Sudan,
"nuts, nut products and seeds",31/07/2018,border rejection,border control - consignment detained,Greece,import not authorised,product not (yet) placed on the market,serious,Sudan,
"nuts, nut products and seeds",07/08/2018,border rejection,border control - consignment detained,Greece,import not authorised,product not (yet) placed on the market,serious,Sudan,
"nuts, nut products and seeds",07/08/2018,border rejection,border control - consignment detained,Greece,,product not (yet) placed on the market,serious,Sudan,
"nuts, nut products and seeds",08/08/2018,border rejection,border control - consignment detained,Greece,official detention,product not (yet) placed on the market,serious,Sudan,
"nuts, nut products and seeds",14/08/2018,border rejection,border control - consignment detained,Greece,import not authorised,product not (yet) placed on the market,serious,Sudan,
"nuts, nut products and seeds",14/08/2018,border rejection,border control - consignment detained,Greece,import not authorised,product not (yet) placed on the market,serious,Sudan,
"nuts, nut products and seeds",24/08/2018,border rejection,border control - consignment detained,Greece,,product not (yet) placed on the market,serious,Sudan,
"nuts, nut products and seeds",24/08/2018,border rejection,border control - consignment detained,Greece,import not authorised,product not (yet) placed on the market,serious,Sudan,
"nuts, nut products and seeds",28/09/2018,border rejection,border control - consignment detained,Greece,import not authorised,product not (yet) placed on the market,serious,Sudan,
"nuts, nut products and seeds",05/10/2018,border rejection,border control - consignment detained,Greece,import not authorised,product not (yet) placed on the market,serious,Sudan,
"nuts, nut products and seeds",05/10/2018,border rejection,border control - consignment detained,Greece,import not authorised,product not (yet) placed on the market,serious,Sudan,
"nuts, nut products and seeds",12/10/2018,border rejection,border control - consignment detained,Greece,import not authorised,product not (yet) placed on the market,serious,Sudan,
"nuts, nut products and seeds",16/10/2018,border rejection,border control - consignment detained,Greece,official detention,product not (yet) placed on the market,serious,Sudan,
"nuts, nut products and seeds",16/10/2018,border rejection,border control - consignment detained,Greece,official detention,product not (yet) placed on the market,serious,Sudan,
"nuts, nut products and seeds",30/10/2018,border rejection,border control - consignment detained,Greece,,product not (yet) placed on the market,serious,Sudan,
"nuts, nut products and seeds",02/11/2018,border rejection,border control - consignment detained,Greece,import not authorised,product not (yet) placed on the market,serious,Sudan,
"nuts, nut products and seeds",05/11/2018,border rejection,border control - consignment detained,Greece,import not authorised,product not (yet) placed on the market,serious,Sudan,
"nuts, nut products and seeds",15/11/2018,border rejection,border control - consignment detained,Greece,import not authorised,product not (yet) placed on the market,serious,Sudan,
"nuts, nut products and seeds",21/11/2018,border rejection,border control - consignment detained,Greece,import not authorised,product not (yet) placed on the market,serious,Sudan,
"nuts, nut products and seeds",05/12/2018,border rejection,border control - consignment detained,Greece,,product not (yet) placed on the market,serious,Sudan,
"nuts, nut products and seeds",05/12/2018,border rejection,border control - consignment detained,Greece,,product not (yet) placed on the market,serious,Sudan,
"nuts, nut products and seeds",28/12/2018,border rejection,border control - consignment detained,Greece,import not authorised,product not (yet) placed on the market,serious,Sudan,
"nuts, nut products and seeds",28/12/2018,border rejection,border control - consignment detained,Greece,import not authorised,product not (yet) placed on the market,serious,Sudan,
"nuts, nut products and seeds",03/01/2019,border rejection,border control - consignment detained,Greece,import not authorised,product not (yet) placed on the market,serious,Sudan,
"nuts, nut products and seeds",03/01/2019,border rejection,border control - consignment detained,Greece,import not authorised,product not (yet) placed on the market,serious,Sudan,
"nuts, nut products and seeds",04/01/2019,border rejection,border control - consignment detained,Greece,import not authorised,product not (yet) placed on the market,serious,Sudan,
"nuts, nut products and seeds",04/01/2019,border rejection,border control - consignment detained,Greece,import not authorised,product not (yet) placed on the market,serious,Sudan,
"nuts, nut products and seeds",04/01/2019,border rejection,border control - consignment detained,Greece,import not authorised,product not (yet) placed on the market,serious,Sudan,
"nuts, nut products and seeds",04/01/2019,border rejection,border control - consignment detained,Greece,physical/chemical treatment,product not (yet) placed on the market,serious,Sudan,
"nuts, nut products and seeds",04/01/2019,border rejection,border control - consignment detained,Greece,import not authorised,product not (yet) placed on the market,serious,Sudan,
"nuts, nut products and seeds",09/01/2019,border rejection,border control - consignment detained,Greece,,product not (yet) placed on the market,serious,Sudan,
"nuts, nut products and seeds",09/01/2019,border rejection,border control - consignment detained,Greece,import not authorised,product not (yet) placed on the market,serious,Sudan,
"nuts, nut products and seeds",10/01/2019,border rejection,border control - consignment detained,Greece,import not authorised,product not (yet) placed on the market,serious,Sudan,
"nuts, nut products and seeds",11/01/2019,border rejection,border control - consignment detained,Greece,,product not (yet) placed on the market,serious,Sudan,
"nuts, nut products and seeds",14/01/2019,border rejection,border control - consignment detained,Greece,import not authorised,product not (yet) placed on the market,serious,Sudan,
"nuts, nut products and seeds",23/01/2019,border rejection,border control - consignment detained,Greece,import not authorised,product not (yet) placed on the market,serious,Sudan,
"nuts, nut products and seeds",08/02/2019,border rejection,border control - consignment detained,Greece,,product not (yet) placed on the market,serious,Sudan,
"nuts, nut products and seeds",13/02/2019,border rejection,border control - consignment detained,Greece,import not authorised,product not (yet) placed on the market,serious,Sudan,
"nuts, nut products and seeds",13/02/2019,border rejection,border control - consignment detained,Greece,,product not (yet) placed on the market,serious,Sudan,
"nuts, nut products and seeds",19/02/2019,border rejection,border control - consignment detained,Greece,,product not (yet) placed on the market,serious,Sudan,
"nuts, nut products and seeds",19/02/2019,border rejection,border control - consignment detained,Greece,official detention,product not (yet) placed on the market,serious,Sudan,
"nuts, nut products and seeds",21/02/2019,border rejection,border control - consignment detained,Greece,import not authorised,product not (yet) placed on the market,serious,Sudan,
"nuts, nut products and seeds",21/02/2019,border rejection,border control - consignment detained,Greece,import not authorised,product not (yet) placed on the market,serious,Sudan,
"nuts, nut products and seeds",21/02/2019,border rejection,border control - consignment detained,Greece,physical/chemical treatment,product not (yet) placed on the market,serious,Sudan,
"nuts, nut products and seeds",21/02/2019,border rejection,border control - consignment detained,Greece,physical/chemical treatment,product not (yet) placed on the market,serious,Sudan,
"nuts, nut products and seeds",22/02/2019,border rejection,border control - consignment detained,Greece,re-dispatch,product not (yet) placed on the market,serious,Sudan,
"nuts, nut products and seeds",26/02/2019,border rejection,border control - consignment detained,Greece,physical/chemical treatment,product not (yet) placed on the market,serious,Sudan,
"nuts, nut products and seeds",26/02/2019,border rejection,border control - consignment detained,Greece,physical/chemical treatment,product not (yet) placed on the market,serious,Sudan,
"nuts, nut products and seeds",26/02/2019,border rejection,border control - consignment detained,Greece,,product not (yet) placed on the market,serious,Sudan,
"nuts, nut products and seeds",27/02/2019,border rejection,border control - consignment detained,Greece,physical/chemical treatment,product not (yet) placed on the market,serious,Sudan,
"nuts, nut products and seeds",28/02/2019,border rejection,border control - consignment detained,Netherlands,official detention,product not (yet) placed on the market,serious,Sudan,
"nuts, nut products and seeds",01/03/2019,border rejection,border control - consignment detained,Greece,re-dispatch,product not (yet) placed on the market,serious,Sudan,
"nuts, nut products and seeds",01/03/2019,border rejection,border control - consignment detained,Greece,physical/chemical treatment,product not (yet) placed on the market,serious,Sudan,
"nuts, nut products and seeds",01/03/2019,border rejection,border control - consignment detained,Greece,physical/chemical treatment,product not (yet) placed on the market,serious,Sudan,
"nuts, nut products and seeds",01/03/2019,border rejection,border control - consignment detained,Greece,physical/chemical treatment,product not (yet) placed on the market,serious,Sudan,
"nuts, nut products and seeds",01/03/2019,border rejection,border control - consignment detained,Greece,re-dispatch,product not (yet) placed on the market,serious,Sudan,
"nuts, nut products and seeds",01/03/2019,border rejection,border control - consignment detained,Greece,physical/chemical treatment,product not (yet) placed on the market,serious,Sudan,
"nuts, nut products and seeds",01/03/2019,border rejection,border control - consignment detained,Greece,physical/chemical treatment,product not (yet) placed on the market,serious,Sudan,
"nuts, nut products and seeds",07/03/2019,border rejection,border control - consignment detained,Greece,physical/chemical treatment,product not (yet) placed on the market,serious,Sudan,
"nuts, nut products and seeds",14/03/2019,border rejection,border control - consignment detained,Greece,physical/chemical treatment,product not (yet) placed on the market,serious,Sudan,
"nuts, nut products and seeds",14/03/2019,border rejection,border control - consignment detained,Greece,physical/chemical treatment,product not (yet) placed on the market,serious,Sudan,
"nuts, nut products and seeds",14/03/2019,border rejection,border control - consignment detained,Greece,physical/chemical treatment,product not (yet) placed on the market,serious,Sudan,
"nuts, nut products and seeds",14/03/2019,border rejection,border control - consignment detained,Greece,physical/chemical treatment,product not (yet) placed on the market,serious,Sudan,
"nuts, nut products and seeds",15/03/2019,border rejection,border control - consignment detained,Greece,physical/chemical treatment,product not (yet) placed on the market,serious,Sudan,
"nuts, nut products and seeds",28/03/2019,border rejection,border control - consignment detained,Greece,import not authorised,product not (yet) placed on the market,serious,Sudan,
"nuts, nut products and seeds",29/03/2019,border rejection,border control - consignment detained,Greece,,product not (yet) placed on the market,serious,Sudan,
"nuts, nut products and seeds",03/04/2019,border rejection,border control - consignment detained,Greece,physical/chemical treatment,product not (yet) placed on the market,serious,Sudan,
"nuts, nut products and seeds",17/04/2019,border rejection,border control - consignment detained,Greece,physical/chemical treatment,product not (yet) placed on the market,serious,Sudan,
"nuts, nut products and seeds",19/04/2019,border rejection,border control - consignment detained,Greece,physical/chemical treatment,product not (yet) placed on the market,serious,Sudan,
"nuts, nut products and seeds",19/04/2019,border rejection,border control - consignment detained,Greece,physical/chemical treatment,product not (yet) placed on the market,serious,Sudan,
"nuts, nut products and seeds",02/05/2019,border rejection,border control - consignment detained,Greece,physical/chemical treatment,product not (yet) placed on the market,serious,Sudan,
"nuts, nut products and seeds",02/05/2019,border rejection,border control - consignment detained,Greece,physical/chemical treatment,product not (yet) placed on the market,serious,Sudan,
"nuts, nut products and seeds",02/05/2019,border rejection,border control - consignment detained,Greece,physical/chemical treatment,product not (yet) placed on the market,serious,Sudan,
"nuts, nut products and seeds",03/05/2019,border rejection,border control - consignment detained,Greece,physical/chemical treatment,product not (yet) placed on the market,serious,Sudan,
"nuts, nut products and seeds",20/05/2019,border rejection,border control - consignment detained,Greece,import not authorised,product not (yet) placed on the market,serious,Sudan,
"nuts, nut products and seeds",20/05/2019,border rejection,border control - consignment detained,Greece,physical/chemical treatment,product not (yet) placed on the market,serious,Sudan,
"nuts, nut products and seeds",21/05/2019,border rejection,border control - consignment detained,Greece,import not authorised,product not (yet) placed on the market,serious,Sudan,
"nuts, nut products and seeds",27/05/2019,border rejection,border control - consignment detained,Greece,physical/chemical treatment,product not (yet) placed on the market,serious,Sudan,
"nuts, nut products and seeds",29/05/2019,border rejection,border control - consignment under customs,Italy,,product allowed to travel to destination under customs seals,serious,Sudan,
"nuts, nut products and seeds",03/06/2019,border rejection,border control - consignment detained,Greece,physical/chemical treatment,product not (yet) placed on the market,serious,Sudan,
"nuts, nut products and seeds",03/06/2019,border rejection,border control - consignment detained,Greece,physical/chemical treatment,product not (yet) placed on the market,serious,Sudan,
"nuts, nut products and seeds",03/06/2019,border rejection,border control - consignment detained,Greece,physical/chemical treatment,product not (yet) placed on the market,serious,Sudan,
"nuts, nut products and seeds",04/06/2019,border rejection,border control - consignment detained,Greece,physical/chemical treatment,product not (yet) placed on the market,serious,Sudan,
"nuts, nut products and seeds",04/06/2019,border rejection,border control - consignment detained,Greece,physical/chemical treatment,product not (yet) placed on the market,serious,Sudan,
"nuts, nut products and seeds",07/06/2019,border rejection,border control - consignment detained,Greece,physical/chemical treatment,product not (yet) placed on the market,serious,Sudan,
"nuts, nut products and seeds",07/06/2019,border rejection,border control - consignment detained,Greece,physical/chemical treatment,product not (yet) placed on the market,serious,Sudan,
"nuts, nut products and seeds",11/06/2019,border rejection,border control - consignment detained,Greece,physical/chemical treatment,product not (yet) placed on the market,serious,Sudan,
"nuts, nut products and seeds",09/07/2019,border rejection,border control - consignment detained,Greece,physical/chemical treatment,product not (yet) placed on the market,serious,Sudan,
"nuts, nut products and seeds",24/07/2019,border rejection,border control - consignment detained,Greece,physical/chemical treatment,product not (yet) placed on the market,serious,Sudan,
"nuts, nut products and seeds",26/07/2019,border rejection,border control - consignment detained,Poland,re-dispatch,product not (yet) placed on the market,serious,Sudan,
"nuts, nut products and seeds",31/07/2019,border rejection,border control - consignment detained,Greece,physical/chemical treatment,product not (yet) placed on the market,serious,Sudan,
"nuts, nut products and seeds",07/08/2019,border rejection,border control - consignment detained,Greece,physical/chemical treatment,product not (yet) placed on the market,serious,Sudan,
"nuts, nut products and seeds",22/08/2019,border rejection,border control - consignment detained,Greece,,product not (yet) placed on the market,serious,Sudan,
"nuts, nut products and seeds",04/09/2019,border rejection,border control - consignment detained,Greece,physical/chemical treatment,product not (yet) placed on the market,serious,Sudan,
"nuts, nut products and seeds",04/09/2019,border rejection,border control - consignment detained,Greece,physical/chemical treatment,product not (yet) placed on the market,serious,Sudan,
"nuts, nut products and seeds",05/09/2019,border rejection,border control - consignment detained,Greece,physical/chemical treatment,product not (yet) placed on the market,serious,Sudan,
"nuts, nut products and seeds",05/09/2019,border rejection,border control - consignment detained,Greece,import not authorised,product not (yet) placed on the market,serious,Sudan,
"nuts, nut products and seeds",09/09/2019,border rejection,border control - consignment detained,Greece,physical/chemical treatment,product not (yet) placed on the market,serious,Sudan,
"nuts, nut products and seeds",16/09/2019,border rejection,border control - consignment detained,Greece,import not authorised,product not (yet) placed on the market,serious,Sudan,
"nuts, nut products and seeds",16/09/2019,border rejection,border control - consignment detained,Greece,physical/chemical treatment,product not (yet) placed on the market,serious,Sudan,
"nuts, nut products and seeds",19/09/2019,border rejection,border control - consignment detained,Greece,physical/chemical treatment,product not (yet) placed on the market,serious,Sudan,
"nuts, nut products and seeds",20/09/2019,border rejection,border control - consignment detained,Greece,physical/chemical treatment,product not (yet) placed on the market,serious,Sudan,
"nuts, nut products and seeds",27/09/2019,border rejection,border control - consignment detained,Greece,physical/chemical treatment,product not (yet) placed on the market,serious,Sudan,
"nuts, nut products and seeds",27/09/2019,border rejection,border control - consignment detained,Greece,physical/chemical treatment,product not (yet) placed on the market,serious,Sudan,
"nuts, nut products and seeds",27/09/2019,border rejection,border control - consignment detained,Greece,,product not (yet) placed on the market,serious,Sudan,
"nuts, nut products and seeds",27/09/2019,border rejection,border control - consignment detained,Greece,,product not (yet) placed on the market,serious,Sudan,
"nuts, nut products and seeds",30/09/2019,border rejection,border control - consignment detained,Greece,import not authorised,product not (yet) placed on the market,serious,Sudan,
"nuts, nut products and seeds",30/09/2019,border rejection,border control - consignment detained,Greece,physical/chemical treatment,product not (yet) placed on the market,serious,Sudan,
"nuts, nut products and seeds",30/09/2019,border rejection,border control - consignment detained,Greece,physical/chemical treatment,product not (yet) placed on the market,serious,Sudan,
"nuts, nut products and seeds",31/10/2019,border rejection,border control - consignment detained,Greece,physical/chemical treatment,product not (yet) placed on the market,serious,Sudan,
"nuts, nut products and seeds",31/10/2019,border rejection,border control - consignment detained,Greece,physical/chemical treatment,product not (yet) placed on the market,serious,Sudan,
"nuts, nut products and seeds",31/10/2019,border rejection,border control - consignment detained,Greece,physical/chemical treatment,product not (yet) placed on the market,serious,Sudan,
"nuts, nut products and seeds",06/11/2019,border rejection,border control - consignment detained,Greece,import not authorised,product not (yet) placed on the market,serious,Sudan,
"nuts, nut products and seeds",06/11/2019,border rejection,border control - consignment detained,Greece,physical/chemical treatment,product not (yet) placed on the market,serious,Sudan,
"nuts, nut products and seeds",07/11/2019,border rejection,border control - consignment detained,Greece,import not authorised,product not (yet) placed on the market,serious,Sudan,
"nuts, nut products and seeds",12/11/2019,border rejection,border control - consignment detained,Greece,physical/chemical treatment,product not (yet) placed on the market,serious,Sudan,
"nuts, nut products and seeds",25/11/2019,border rejection,border control - consignment detained,Greece,physical/chemical treatment,product not (yet) placed on the market,serious,Sudan,
"nuts, nut products and seeds",26/11/2019,border rejection,border control - consignment detained,Greece,re-dispatch,product not (yet) placed on the market,serious,Sudan,
"nuts, nut products and seeds",28/11/2019,border rejection,border control - consignment detained,Greece,import not authorised,product not (yet) placed on the market,serious,Sudan,
"nuts, nut products and seeds",29/11/2019,border rejection,border control - consignment detained,Greece,physical/chemical treatment,product not (yet) placed on the market,serious,Sudan,
"nuts, nut products and seeds",31/12/2019,border rejection,border control - consignment detained,Greece,physical/chemical treatment,product not (yet) placed on the market,serious,Sudan,
fish and fish products,23/03/2000,information,,France,,,undecided,Tanzania,
fish and fish products,14/06/2002,information,,Greece,import not authorised,,undecided,Tanzania,
fish and fish products,24/09/2002,information,,Italy,import not authorised,,undecided,Tanzania,
fish and fish products,28/07/2003,information,border control - consignment released,Italy,,,undecided,Tanzania,
fish and fish products,23/11/2004,information,border control - consignment released,Germany,no action taken,product already consumed,undecided,Tanzania,
fish and fish products,14/09/2009,information,border control - consignment released,Italy,return to consignor,no distribution,undecided,Tanzania,
fish and fish products,12/10/2009,border rejection,border control - consignment detained,Germany,re-dispatch or destruction,no distribution,undecided,Tanzania,
fish and fish products,04/06/2014,information for follow-up,border control - consignment released,Germany,informing authorities,distribution to other member countries,not serious,Tanzania,
fish and fish products,12/05/2016,information for follow-up,border control - consignment released,Germany,,distribution to other member countries,not serious,Tanzania,
molluscs and products thereof - (obsolete),11/02/2005,information,border control - consignment detained,Italy,re-dispatch,no distribution,undecided,Tanzania,
molluscs and products thereof - (obsolete),25/04/2005,information,border control - consignment detained,Portugal,re-dispatch,no distribution,undecided,Tanzania,
"nuts, nut products and seeds",30/01/2019,border rejection,border control - consignment detained,Greece,official detention,product not (yet) placed on the market,serious,Tanzania,
fish and fish products,14/03/2005,alert,border control - consignment released,Italy,re-dispatch,distribution on the market (possible),undecided,Tunisia,
molluscs and products thereof - (obsolete),23/11/1999,information,,Italy,import not authorised,,undecided,Tunisia,
crustaceans and products thereof,12/10/2000,information,,Italy,import not authorised,,undecided,Tunisia,
poultry meat and poultry meat products,19/10/2000,information,,Italy,import not authorised,,undecided,Tunisia,
poultry meat and poultry meat products,23/01/2002,information,,Italy,import not authorised,,undecided,Tunisia,
molluscs and products thereof - (obsolete),20/12/2002,information,,Italy,,,undecided,Tunisia,
molluscs and products thereof - (obsolete),03/03/2003,information,border control - consignment detained,Italy,Screening sample,,undecided,Tunisia,
bivalve molluscs and products thereof,08/11/2007,information,border control - consignment released,Italy,withdrawal from recipient(s),product past use-by date,undecided,Tunisia,
poultry meat and poultry meat products,15/02/2010,information,border control - consignment released,Italy,recall from consumers,distribution restricted to notifying country,undecided,Tunisia,
gastropods,20/04/2010,information,official control on the market,Italy,withdrawal from the market,distribution restricted to notifying country,undecided,Tunisia,
bivalve molluscs and products thereof,15/11/2011,information for attention,border control - consignment released,Italy,informing authorities,product already consumed,undecided,Tunisia,
meat and meat products (other than poultry),19/02/2014,information for attention,border control - consignment released,Italy,informing authorities,distribution restricted to notifying country,undecided,Tunisia,
bivalve molluscs and products thereof,23/12/2015,information for attention,border control - consignment released,Portugal,,distribution restricted to notifying country,serious,Tunisia,
bivalve molluscs and products thereof,15/02/2016,information for attention,border control - consignment released,Italy,informing authorities,distribution restricted to notifying country,serious,Tunisia,
bivalve molluscs and products thereof,23/05/2016,border rejection,border control - consignment detained,Italy,destruction,product not (yet) placed on the market,serious,Tunisia,
fish and fish products,18/01/2010,information,border control - consignment released,Germany,destination of the product identified,distribution on the market (possible),undecided,Uganda,
herbs and spices,13/12/2011,alert,official control on the market,Denmark,withdrawal from the market,distribution to other member countries,undecided,Uganda,
herbs and spices,04/06/2013,border rejection,border control - consignment detained,Finland,placed under customs seals,product not (yet) placed on the market,serious,Uganda,
herbs and spices,04/06/2013,border rejection,border control - consignment detained,Finland,,product not (yet) placed on the market,serious,Uganda,
fruits and vegetables,11/05/2016,border rejection,border control - consignment detained,Finland,official detention,product not (yet) placed on the market,serious,Uganda,
"nuts, nut products and seeds",17/08/2016,alert,company's own check,Netherlands,withdrawal from the market,distribution to other member countries,serious,Uganda,
"nuts, nut products and seeds",19/08/2016,alert,company's own check,Netherlands,withdrawal from the market,distribution to other member countries,serious,Uganda,
"nuts, nut products and seeds",19/08/2016,alert,company's own check,Netherlands,withdrawal from the market,distribution to other member countries,serious,Uganda,
"nuts, nut products and seeds",16/03/2018,border rejection,border control - consignment detained,Netherlands,import not authorised,product not (yet) placed on the market,serious,Uganda,
"nuts, nut products and seeds",01/08/2018,border rejection,border control - consignment detained,Germany,re-dispatch,product not (yet) placed on the market,serious,Uganda,
"nuts, nut products and seeds",03/08/2018,border rejection,border control - consignment detained,Germany,re-dispatch,product not (yet) placed on the market,serious,Uganda,
"nuts, nut products and seeds",20/08/2018,border rejection,border control - consignment detained,Germany,import not authorised,product not (yet) placed on the market,serious,Uganda,
"nuts, nut products and seeds",20/08/2018,border rejection,border control - consignment detained,Germany,import not authorised,product not (yet) placed on the market,serious,Uganda,
"nuts, nut products and seeds",21/08/2018,border rejection,border control - consignment detained,Germany,physical/chemical treatment,product not (yet) placed on the market,serious,Uganda,
"nuts, nut products and seeds",15/01/2019,border rejection,border control - consignment detained,Netherlands,official detention,product not (yet) placed on the market,serious,Uganda,
"nuts, nut products and seeds",27/03/2019,border rejection,border control - consignment detained,Netherlands,official detention,product not (yet) placed on the market,serious,Uganda,
"nuts, nut products and seeds",02/05/2019,border rejection,border control - consignment detained,Netherlands,official detention,product not (yet) placed on the market,serious,Uganda,
"nuts, nut products and seeds",08/05/2019,border rejection,border control - consignment detained,Netherlands,physical/chemical treatment,product not (yet) placed on the market,serious,Uganda,
"nuts, nut products and seeds",14/05/2019,border rejection,border control - consignment detained,Netherlands,official detention,product not (yet) placed on the market,serious,Uganda,
"nuts, nut products and seeds",21/05/2019,border rejection,border control - consignment detained,Netherlands,official detention,product not (yet) placed on the market,serious,Uganda,
"nuts, nut products and seeds",03/06/2019,border rejection,border control - consignment detained,Netherlands,official detention,product not (yet) placed on the market,serious,Uganda,
"nuts, nut products and seeds",05/06/2019,border rejection,border control - consignment detained,Netherlands,official detention,product not (yet) placed on the market,serious,Uganda,
"nuts, nut products and seeds",05/06/2019,border rejection,border control - consignment detained,Germany,physical/chemical treatment,product not (yet) placed on the market,serious,Uganda,
"nuts, nut products and seeds",18/06/2019,border rejection,border control - consignment detained,Netherlands,official detention,product not (yet) placed on the market,serious,Uganda,
"nuts, nut products and seeds",19/06/2019,border rejection,border control - consignment detained,Netherlands,physical/chemical treatment,product not (yet) placed on the market,serious,Uganda,
"nuts, nut products and seeds",27/06/2019,border rejection,border control - consignment detained,Netherlands,official detention,product not (yet) placed on the market,serious,Uganda,
"nuts, nut products and seeds",01/07/2019,border rejection,border control - consignment detained,Netherlands,physical/chemical treatment,product not (yet) placed on the market,serious,Uganda,
"nuts, nut products and seeds",08/07/2019,border rejection,border control - consignment detained,Germany,re-dispatch,product not (yet) placed on the market,serious,Uganda,
"nuts, nut products and seeds",08/07/2019,border rejection,border control - consignment detained,Germany,re-dispatch,product not (yet) placed on the market,serious,Uganda,
"nuts, nut products and seeds",10/07/2019,border rejection,border control - consignment detained,Germany,physical/chemical treatment,product not (yet) placed on the market,serious,Uganda,
herbs and spices,07/08/2019,alert,official control on the market,United Kingdom,recall from consumers,distribution to other member countries,serious,Uganda,
"nuts, nut products and seeds",29/08/2019,border rejection,border control - consignment detained,Netherlands,official detention,product not (yet) placed on the market,serious,Uganda,
"nuts, nut products and seeds",18/11/2019,border rejection,border control - consignment detained,Netherlands,physical/chemical treatment,product not (yet) placed on the market,serious,Uganda,
"nuts, nut products and seeds",24/12/2019,border rejection,border control - consignment detained,Netherlands,physical/chemical treatment,product not (yet) placed on the market,serious,Uganda,
"nuts, nut products and seeds",30/12/2019,border rejection,border control - consignment detained,Germany,re-dispatch,product not (yet) placed on the market,serious,Uganda,
meat and meat products (other than poultry),17/07/2018,information for follow-up,official control on the market,Netherlands,informing consignor,distribution to other member countries,not serious,Zimbabwe,
